Predita,Correta,Descrição
Epi,Hidráulico,caneta marcador permanente acrilex ponta dupla
Papelaria,Embalagem,caneta bic cristal
Papelaria,Embalagem,caneta bic cristal
Papelaria,Embalagem,caneta bic cristal
Papelaria,Embalagem,caneta bic cristal
Papelaria,Embalagem,caneta bic cristal
Embalagem,Papelaria,caneta retocar madeira branco corcel
Embalagem,Papelaria,caneta retocar madeira branco corcel
Hidráulico,Epi,caneta bps pilot
Hidráulico,Epi,caneta bps pilot
Embalagem,Papelaria,caneta retocar madeira branco corcel
Papelaria,Embalagem,caneta bic cristal
Embalagem,Papelaria,caneta retocar madeira branco corcel
Papelaria,Embalagem,caneta bic cristal
Papelaria,Embalagem,caneta bic cristal
Papelaria,Embalagem,caneta bic cristal
Hidráulico,Papelaria,caneta retocar madeira branco corcel
Hidráulico,Papelaria,caneta retocar madeira branco corcel
Embalagem,Papelaria,caneta retocar madeira branco corcel
Papelaria,Embalagem,caneta bic cristal
Papelaria,Embalagem,caneta bic cristal
Embalagem,Papelaria,caneta retocar madeira branco corcel
Papelaria,Embalagem,caneta bic cristal
Papelaria,Embalagem,caneta bic cristal
Papelaria,Embalagem,caneta bic cristal
Hidráulico,Epi,caneta bps pilot
Papelaria,Embalagem,caneta bic cristal
Embalagem,Papelaria,caneta retocar madeira branco corcel
Embalagem,Papelaria,caneta retocar madeira branco corcel
Epi,Hidráulico,caneta marcador permanente acrilex ponta dupla
Epi,Hidráulico,caneta marcador permanente acrilex ponta dupla
Embalagem,Papelaria,caneta retocar madeira branco corcel
Hidráulico,Embalagem,caneta bic cristal
Hidráulico,Embalagem,caneta bic cristal
Embalagem,Hidráulico,caneta marcador permanente acrilex ponta dupla
Epi,Hidráulico,caneta marcador permanente acrilex ponta dupla
Epi,Hidráulico,caneta marcador permanente acrilex ponta dupla
Hidráulico,Epi,caneta bps pilot
Hidráulico,Embalagem,caneta bic cristal
Embalagem,Papelaria,caneta retocar madeira branco corcel
Epi,Hidráulico,caneta marcador permanente acrilex ponta dupla
Embalagem,Papelaria,caneta retocar madeira branco corcel
Hidráulico,Epi,caneta bps pilot
Papelaria,Embalagem,caneta bic cristal
Epi,Hidráulico,caneta marcador permanente acrilex ponta dupla
Epi,Hidráulico,caneta marcador permanente acrilex ponta dupla
Papelaria,Embalagem,caneta bic cristal
Embalagem,Papelaria,caneta retocar madeira branco corcel
Hidráulico,Epi,caneta bps pilot
Embalagem,Papelaria,caneta retocar madeira branco corcel
Epi,Hidráulico,caneta marcador permanente acrilex ponta dupla
Papelaria,Embalagem,caneta bic cristal
Papelaria,Embalagem,caneta bic cristal
Papelaria,Embalagem,caneta bic cristal
Papelaria,Embalagem,caneta bic cristal
Hidráulico,Papelaria,caneta retocar madeira branco corcel
Hidráulico,Epi,caneta bps pilot
Papelaria,Embalagem,caneta bic cristal
Epi,Hidráulico,caneta marcador permanente acrilex ponta dupla
Embalagem,Papelaria,caneta retocar madeira branco corcel
Papelaria,Embalagem,caneta bic cristal
Papelaria,Embalagem,caneta bic cristal
Embalagem,Papelaria,caneta retocar madeira branco corcel
Epi,Hidráulico,caneta marcador permanente acrilex ponta dupla
Epi,Hidráulico,caneta marcador permanente acrilex ponta dupla
Papelaria,Embalagem,caneta bic cristal
Epi,Hidráulico,caneta marcador permanente acrilex ponta dupla
Papelaria,Embalagem,caneta bic cristal
Embalagem,Papelaria,caneta retocar madeira branco corcel
Epi,Hidráulico,caneta marcador permanente acrilex ponta dupla
Embalagem,Papelaria,caneta retocar madeira branco corcel
Embalagem,Papelaria,caneta retocar madeira branco corcel
Papelaria,Embalagem,caneta bic cristal
Papelaria,Embalagem,caneta bic cristal
Epi,Hidráulico,caneta marcador permanente acrilex ponta dupla
Papelaria,Embalagem,caneta bic cristal
Papelaria,Embalagem,caneta bic cristal
Embalagem,Papelaria,caneta retocar madeira branco corcel
Papelaria,Embalagem,caneta bic cristal
Embalagem,Papelaria,caneta retocar madeira branco corcel
Epi,Hidráulico,caneta marcador permanente acrilex ponta dupla
Papelaria,Embalagem,caneta bic cristal
Epi,Hidráulico,caneta marcador permanente acrilex ponta dupla
Epi,Hidráulico,caneta marcador permanente acrilex ponta dupla
Epi,Hidráulico,caneta marcador permanente acrilex ponta dupla
Embalagem,Papelaria,caneta retocar madeira branco corcel
Embalagem,Papelaria,caneta retocar madeira branco corcel
Papelaria,Embalagem,caneta bic cristal
Epi,Hidráulico,caneta marcador permanente acrilex ponta dupla
Hidráulico,Epi,caneta bps pilot
Papelaria,Embalagem,caneta bic cristal
Papelaria,Embalagem,caneta bic cristal
Embalagem,Papelaria,caneta retocar madeira branco corcel
Embalagem,Papelaria,caneta retocar madeira branco corcel
Papelaria,Embalagem,caneta bic cristal
Epi,Hidráulico,caneta marcador permanente acrilex ponta dupla
Embalagem,Papelaria,caneta retocar madeira branco corcel
Embalagem,Papelaria,caneta retocar madeira branco corcel
Embalagem,Papelaria,caneta retocar madeira branco corcel
